{
  "camera": {
    "forward": [
      -0.33203357458114624,
      0.027921589091420174,
      -0.9428542256355286
    ],
    "fov": 60.0,
    "position": [
      5.4297003746032715,
      0.8163779377937317,
      3.7954704761505127
    ]
  },
  "sceneName": "GameScene",
  "version": "0.1.0",
  "worldTime": 67.63079312838249
}