{
  "camera": {
    "forward": [
      0.5341074466705322,
      -0.5807033777236938,
      -0.6144207119941711
    ],
    "fov": 60.0,
    "position": [
      -14.361944198608398,
      13.755807876586914,
      20.768787384033203
    ]
  },
  "sceneName": "GameScene",
  "version": "0.1.0",
  "worldTime": 43.51518020513595
}