{
  "camera": {
    "forward": [
      -0.4787985682487488,
      0.25713279843330383,
      -0.8394253253936768
    ],
    "fov": 60.0,
    "position": [
      9.792154312133789,
      3.152658224105835,
      0.4543052315711975
    ]
  },
  "sceneName": "GameScene",
  "version": "0.1.0",
  "worldTime": 3.2716447972871947
}